run_id,init_script,replicate,hb_start_row,hb_end_row,hb_row_count
1,"init-l8-omni.4th",23,1,1,1
2,"init-l8-omni.4th",20,2,23,22
3,"init-l8-stable.4th",29,24,48,25
4,"init-l8-transition.4th",30,49,66,18
5,"init-l8-temporal.4th",23,67,91,25
6,"init-l8-diverse.4th",17,92,126,35
7,"init-l8-transition.4th",1,127,150,24
8,"init-l8-volatile.4th",30,151,173,23
9,"init-l8-diverse.4th",2,174,198,25
10,"init-l8-diverse.4th",5,199,218,20
11,"init-l8-transition.4th",12,219,242,24
12,"init-l8-stable.4th",21,243,266,24
13,"init-l8-omni.4th",15,267,290,24
14,"init-l8-temporal.4th",7,291,314,24
15,"init-l8-diverse.4th",22,315,338,24
16,"init-l8-volatile.4th",28,339,362,24
17,"init-l8-stable.4th",9,363,387,25
18,"init-l8-omni.4th",19,388,412,25
19,"init-l8-omni.4th",7,413,437,25
20,"init-l8-stable.4th",30,438,461,24
21,"init-l8-volatile.4th",5,462,485,24
22,"init-l8-volatile.4th",14,486,510,25
23,"init-l8-temporal.4th",26,511,534,24
24,"init-l8-omni.4th",13,535,559,25
25,"init-l8-omni.4th",10,560,583,24
26,"init-l8-temporal.4th",30,584,607,24
27,"init-l8-omni.4th",1,608,628,21
28,"init-l8-transition.4th",8,629,652,24
29,"init-l8-stable.4th",19,653,676,24
30,"init-l8-stable.4th",18,677,701,25
31,"init-l8-temporal.4th",1,702,726,25
32,"init-l8-stable.4th",15,727,753,27
33,"init-l8-temporal.4th",18,754,779,26
34,"init-l8-diverse.4th",14,780,803,24
35,"init-l8-stable.4th",7,804,826,23
36,"init-l8-stable.4th",20,827,851,25
37,"init-l8-stable.4th",8,852,876,25
38,"init-l8-stable.4th",5,877,901,25
39,"init-l8-diverse.4th",23,902,925,24
40,"init-l8-transition.4th",11,926,951,26
41,"init-l8-temporal.4th",22,952,976,25
42,"init-l8-volatile.4th",24,977,1002,26
43,"init-l8-temporal.4th",17,1003,1028,26
44,"init-l8-volatile.4th",17,1029,1050,22
45,"init-l8-diverse.4th",4,1051,1076,26
46,"init-l8-stable.4th",24,1077,1100,24
47,"init-l8-temporal.4th",24,1101,1123,23
48,"init-l8-omni.4th",27,1124,1147,24
49,"init-l8-diverse.4th",9,1148,1172,25
50,"init-l8-omni.4th",11,1173,1197,25
51,"init-l8-volatile.4th",4,1198,1221,24
52,"init-l8-stable.4th",28,1222,1245,24
53,"init-l8-omni.4th",17,1246,1269,24
54,"init-l8-diverse.4th",7,1270,1294,25
55,"init-l8-volatile.4th",25,1295,1318,24
56,"init-l8-stable.4th",1,1319,1342,24
57,"init-l8-transition.4th",5,1343,1366,24
58,"init-l8-temporal.4th",25,1367,1392,26
59,"init-l8-transition.4th",17,1393,1417,25
60,"init-l8-diverse.4th",15,1418,1441,24
61,"init-l8-diverse.4th",18,1442,1465,24
62,"init-l8-volatile.4th",11,1466,1490,25
63,"init-l8-stable.4th",4,1491,1514,24
64,"init-l8-transition.4th",9,1515,1539,25
65,"init-l8-diverse.4th",1,1540,1563,24
66,"init-l8-diverse.4th",13,1564,1588,25
67,"init-l8-volatile.4th",15,1589,1612,24
68,"init-l8-stable.4th",11,1613,1638,26
69,"init-l8-diverse.4th",27,1639,1663,25
70,"init-l8-temporal.4th",11,1664,1688,25
71,"init-l8-transition.4th",6,1689,1712,24
72,"init-l8-stable.4th",23,1713,1736,24
73,"init-l8-diverse.4th",16,1737,1760,24
74,"init-l8-diverse.4th",21,1761,1785,25
75,"init-l8-transition.4th",3,1786,1810,25
76,"init-l8-omni.4th",26,1811,1834,24
77,"init-l8-volatile.4th",8,1835,1859,25
78,"init-l8-volatile.4th",19,1860,1884,25
79,"init-l8-transition.4th",18,1885,1909,25
80,"init-l8-temporal.4th",16,1910,1934,25
81,"init-l8-omni.4th",9,1935,1959,25
82,"init-l8-volatile.4th",9,1960,1984,25
83,"init-l8-transition.4th",28,1985,2002,18
84,"init-l8-volatile.4th",23,2003,2018,16
85,"init-l8-temporal.4th",21,2019,2041,23
86,"init-l8-omni.4th",24,2042,2057,16
87,"init-l8-volatile.4th",1,2058,2082,25
88,"init-l8-stable.4th",27,2083,2108,26
89,"init-l8-volatile.4th",26,2109,2133,25
90,"init-l8-temporal.4th",8,2134,2158,25
91,"init-l8-omni.4th",8,2159,2182,24
92,"init-l8-transition.4th",19,2183,2205,23
93,"init-l8-diverse.4th",30,2206,2231,26
94,"init-l8-stable.4th",17,2232,2255,24
95,"init-l8-omni.4th",6,2256,2280,25
96,"init-l8-diverse.4th",28,2281,2305,25
97,"init-l8-diverse.4th",11,2306,2330,25
98,"init-l8-transition.4th",23,2331,2346,16
99,"init-l8-volatile.4th",20,2347,2374,28
100,"init-l8-temporal.4th",5,2375,2397,23
101,"init-l8-transition.4th",29,2398,2421,24
102,"init-l8-transition.4th",22,2422,2445,24
103,"init-l8-omni.4th",12,2446,2470,25
104,"init-l8-omni.4th",30,2471,2493,23
105,"init-l8-temporal.4th",28,2494,2519,26
106,"init-l8-diverse.4th",6,2520,2544,25
107,"init-l8-temporal.4th",15,2545,2568,24
108,"init-l8-transition.4th",2,2569,2594,26
109,"init-l8-diverse.4th",8,2595,2618,24
110,"init-l8-temporal.4th",2,2619,2642,24
111,"init-l8-omni.4th",22,2643,2666,24
112,"init-l8-volatile.4th",10,2667,2689,23
113,"init-l8-stable.4th",26,2690,2714,25
114,"init-l8-transition.4th",10,2715,2737,23
115,"init-l8-diverse.4th",26,2738,2759,22
116,"init-l8-omni.4th",5,2760,2778,19
117,"init-l8-stable.4th",2,2779,2802,24
118,"init-l8-omni.4th",18,2803,2825,23
119,"init-l8-temporal.4th",6,2826,2849,24
120,"init-l8-omni.4th",21,2850,2874,25
121,"init-l8-omni.4th",28,2875,2900,26
122,"init-l8-temporal.4th",12,2901,2925,25
123,"init-l8-stable.4th",13,2926,2949,24
124,"init-l8-temporal.4th",4,2950,2974,25
125,"init-l8-temporal.4th",3,2975,2999,25
126,"init-l8-transition.4th",27,3000,3024,25
127,"init-l8-temporal.4th",9,3025,3049,25
128,"init-l8-volatile.4th",16,3050,3075,26
129,"init-l8-diverse.4th",12,3076,3100,25
130,"init-l8-transition.4th",24,3101,3118,18
131,"init-l8-volatile.4th",12,3119,3144,26
132,"init-l8-volatile.4th",29,3145,3159,15
133,"init-l8-stable.4th",14,3160,3187,28
134,"init-l8-temporal.4th",14,3188,3211,24
135,"init-l8-transition.4th",21,3212,3226,15
136,"init-l8-omni.4th",3,3227,3250,24
137,"init-l8-omni.4th",25,3251,3275,25
138,"init-l8-volatile.4th",7,3276,3300,25
139,"init-l8-transition.4th",7,3301,3324,24
140,"init-l8-stable.4th",25,3325,3347,23
141,"init-l8-diverse.4th",29,3348,3372,25
142,"init-l8-volatile.4th",22,3373,3397,25
143,"init-l8-stable.4th",22,3398,3423,26
144,"init-l8-transition.4th",25,3424,3447,24
145,"init-l8-omni.4th",4,3448,3473,26
146,"init-l8-diverse.4th",24,3474,3499,26
147,"init-l8-transition.4th",13,3500,3524,25
148,"init-l8-temporal.4th",19,3525,3550,26
149,"init-l8-temporal.4th",29,3551,3576,26
150,"init-l8-volatile.4th",18,3577,3601,25
151,"init-l8-stable.4th",12,3602,3627,26
152,"init-l8-transition.4th",4,3628,3654,27
153,"init-l8-omni.4th",2,3655,3679,25
154,"init-l8-temporal.4th",27,3680,3703,24
155,"init-l8-volatile.4th",6,3704,3727,24
156,"init-l8-stable.4th",10,3728,3752,25
157,"init-l8-volatile.4th",2,3753,3778,26
158,"init-l8-transition.4th",20,3779,3803,25
159,"init-l8-volatile.4th",27,3804,3828,25
160,"init-l8-stable.4th",16,3829,3853,25
161,"init-l8-volatile.4th",3,3854,3878,25
162,"init-l8-diverse.4th",19,3879,3903,25
163,"init-l8-diverse.4th",20,3904,3927,24
164,"init-l8-temporal.4th",13,3928,3950,23
165,"init-l8-diverse.4th",3,3951,3975,25
166,"init-l8-temporal.4th",10,3976,3997,22
167,"init-l8-diverse.4th",25,3998,4022,25
168,"init-l8-stable.4th",6,4023,4048,26
169,"init-l8-volatile.4th",13,4049,4073,25
170,"init-l8-transition.4th",26,4074,4098,25
171,"init-l8-transition.4th",15,4099,4124,26
172,"init-l8-volatile.4th",21,4125,4148,24
173,"init-l8-omni.4th",29,4149,4173,25
174,"init-l8-diverse.4th",10,4174,4198,25
175,"init-l8-transition.4th",14,4199,4222,24
176,"init-l8-temporal.4th",20,4223,4246,24
177,"init-l8-omni.4th",16,4247,4272,26
178,"init-l8-transition.4th",16,4273,4297,25
179,"init-l8-stable.4th",3,4298,4311,14
180,"init-l8-omni.4th",14,4312,4361,50
